Thread_No,Thread_Name,R,G,B
16362,Cream White,251,91,9
16367,Cream,249,251,246
16368,Buttermilk,240,161,135
16371,Soft Yellow,252,250,252
16379,Light Yellow,245,231,226
16380,Buttercup,254,90,8
19033,Spring Yellow,251,199,171
16376,Citrus Yellow,247,249,234
16377,Acid Yellow,245,164,131
16340,Sun Flower,255,251,245
16346,Old Gold,236,169,117
16347,Inca Gold,253,248,249
16348,Asia Gold,250,247,217
13271,Burnt Gold,253,100,21
13274,Tobacco,249,253,250
18746,Jasmine,248,191,151
16332,Jersey Cream,236,141,82
16333,Spiced Cream,190,195,183
16335,Pale Apricot,249,105,12
16378,Washed Gold,255,251,245
16342,Nectar,238,190,167
16343,Golden Yellow,254,253,247
16349,Amber Yellow,238,238,235
16345,Washed Yellow,201,201,199
15704,Golden Sand,225,226,221
16353,Honey,153,152,147
15512,Savannah Gold,247,153,94
16359,Tobacco Gold,140,140,135
13278,Spanish Brown,176,176,170
13282,Yucca Tan,249,249,247
16363,Pearl,242,241,239
16366,Magnolia,165,163,160
16331,Almond,187,186,183
16334,Havana Cream,148,148,143
15956,French Apricot,135,135,128
17840,Africa Gold,253,253,247
16339,Palm Honey,145,145,141
16344,Amber Gold,164,163,157
16356,Mango Gold,221,220,214
16357,Inadian Gold,194,194,186
16324,Golden Russet,174,173,166
13284,Pale Tea,251,154,107
16328,Mexican Tan,187,187,178
16286,Brown,151,151,142
16426,Redwood,201,200,192
16303,Swiss Cream,245,245,236
16302,Frosted Beige,152,152,143
16393,Soft Latte,163,163,156
14255,Washed Beige,174,175,170
13231,Apricot Jam,198,201,195
16323,Mace,246,147,97
15883,Pale Nutmeg,143,144,138
18766,Nutmeg,131,132,125
16326,Spiced Copper,252,253,246
17657,Copper,114,115,108
16329,Maple Tan,210,211,207
16142,Mandarin,230,231,228
15833,Hot Spice,154,155,147
13289,Tamarind,145,146,138
13291,Burnished Bronze,141,141,134
15404,Winter Jasmine,176,177,171
17602,Apricot Cream,202,204,195
16337,Orange Sorbet,174,174,170
13222,Pale Orange,201,202,196
14507,Tropica Sunset,134,135,129
14409,Soft Saffron,203,204,198
16135,Spanish Orange,146,147,140
16137,Brilliant Orange,250,164,115
16139,Vivid Orange,154,155,148
17701,Orange,173,173,168
16140,Mexican Orange,172,172,167
16067,Active Orange,220,220,215
16066,Marmalade,159,160,154
13294,Ferrous Orange,142,143,134
13296,Burnt Copper,175,176,172
16307,Light Peach,213,214,205
16310,Pale Peach,253,164,119
16312,Bellini,229,229,227
16319,Taupe,168,170,159
16321,Russian Tan,151,152,141
16318,Mink,139,140,131
13245,Radiant Tan,145,146,140
13251,Tropical Tan,177,177,175
17673,Tango Tan,252,253,245
18787,Burning Ginger,166,167,158
14721,Winter Tan,176,176,172
16143,Hot Spice,194,194,188
13299,Sepia Tan,150,151,144
13201,Auburn,204,205,196
13204,Hot Tan,191,192,186
16361,Fine Marble,250,152,109
13213,Cashmere,252,253,249
17736,Coral Bloom,199,200,192
13226,Coral Blush,172,172,166
15542,Salmon Pink,159,160,151
13247,Salamander,131,132,126
15860,Lively Orange,189,190,184
16141,Sunset,233,234,228
15586,Seville,132,133,126
16068,Flame,184,184,180
16069,Luminous Orange,155,156,149
13206,Burnt Red,157,158,150
16120,Adzuki,240,239,228
13208,Lacquer Red,240,240,228
13209,Old Wine,240,240,230
16096,Tender Pink,242,241,229
16099,Angel Pink,241,238,228
16100,Baby Pink,242,242,232
16102,Coral Pink,241,239,229
13031,Active Pink,248,240,216
16316,Aurora Rose,248,239,215
17813,Dusty Pink,244,237,217
15398,Ume,236,237,218
16119,Sabre Pink,241,243,218
14348,African Brick,244,246,222
16117,Kir Royal,239,241,220
16144,Antique Rose,241,244,217
14440,Autumn Berry,243,244,215
13092,Japanese Maple,245,245,224
16150,Moroccan,237,238,216
16092,Dream Pink,238,240,217
16103,Blush Pink,246,244,224
16104,Candy Pink,242,239,209
16107,Sweet Pink,247,242,215
16108,Lively Pink,246,242,214
15578,Falmingo Pink,248,243,209
15786,Flame,244,244,209
16076,Juicy Red,247,243,212
16072,Hot Red,246,242,212
16073,Tomato Red,250,247,215
14734,Sharp Red,245,240,208
19019,Magnetic Red,248,244,216
17825,Poison Red,246,242,210
13095,Kiliko Red,248,244,212
13007,Bravo Red,248,245,213
18853,Pale Pink,243,242,214
18931,Pink,248,244,211
13024,Sensational Pink,248,247,223
13033,Sherbert Pink,245,240,207
13035,Raspberry Sorbet,249,243,210
14512,Corrida,244,241,207
17797,Apple Red,243,239,209
16075,Temptation,247,242,209
16080,China Red,244,241,215
19391,Gamet,244,242,220
13073,Indian Red,239,239,224
16083,Westerly Red,243,243,235
16086,Raspberry,232,230,222
16052,Deep Ruby,244,243,235
16121,Misty Pink,234,234,225
13013,Icicle Pink,238,238,228
13027,Rococo Rose,239,239,229
13038,India Pink,240,240,229
14434,Summer Rose,242,242,232
13043,Vintage Pink,247,245,235
13048,Toledo Pink,240,238,227
16146,Cherry Red,242,241,230
16088,Beaujolais,243,241,231
19025,New Burgundy,243,241,231
16054,Velvet Red,244,242,230
14782,Vintage Red,244,242,233
16055,Tawny Red,244,242,232
13082,Shiraz,239,237,228
16435,Port Wine,234,233,222
16122,Sand Pink,244,242,232
13112,Botanical Rose,245,243,232
13121,Saber Pink,244,243,231
13131,Cosos Pink,244,243,231
16112,Swiss Pink,237,237,227
13142,Parakeet Pink,241,239,228
18986,Deep Pink,239,240,229
17867,Diva Rose,244,242,231
14414,Silk Burgundy,242,241,229
14415,Dry Rose,241,241,231
14501,Light Plum,236,237,229
19203,Plum,235,234,226
16057,Damson Jam,242,242,231
16058,Damson,240,238,230
16440,Sloe,243,243,237
16009,Bleached Pink,240,238,230
15863,Dolly Pink,243,243,233
15805,Aurora Pink,242,242,231
17702,Clematis Pink,240,238,226
16111,Cosmic Pink,242,242,234
13146,Prestige Pink,238,239,222
16037,Sister Rose,240,241,222
15531,Raspberruy Syrup,239,240,223
16049,Venetian Red,241,243,219
19044,Sunset Crimson,241,243,219
16085,Pst Red,239,242,214
16051,Exotic Red,240,241,215
13172,Clove Red,244,244,214
13182,Inca,243,243,207
16438,Sepia Red,244,244,211
16007,Pale Pink,243,245,222
13115,Creamy Pink,245,241,211
16013,Resh Pink,244,240,210
16014,Dusry Pink,243,240,208
13135,Cheerful Pink,246,243,208
16024,Hot Pink,247,243,214
16025,Shady Rose,244,241,210
16026,Vintage Pink,246,244,211
16028,Fancy Pink,247,244,211
16029,Vivid Pink,245,242,210
14522,Upstick Pink,244,241,207
16041,Zanzibar Red,248,244,212
16046,Sparkling Magenta,247,242,208
16053,Lush Crimson,243,188,171
14376,Deep Red,190,191,190
16012,Soft Pink,216,216,213
16017,Classic Pink,249,250,247
16018,Pale Tulip,157,160,151
16019,Eternal Pink,193,194,186
16021,Lovely Pink,250,147,102
16027,Cherry Blossom,170,172,169
16128,Wisteria Pink,250,251,249
16155,Rich Pink,225,224,221
16156,Wistera Violet,170,169,166
16131,Wisteria,133,127,121
13871,Calm Crimson,151,152,148
14436,Hot Crimson,252,252,249
16056,Elegant Burgundy,142,142,141
13881,Jazzy Burgundy,245,180,139
18060,Burgundy,161,160,155
16011,Silk Pink,156,155,150
16016,Soft Rose,166,166,161
13822,Pink Dream,244,242,231
16153,Petal Pink,145,146,139
13833,Irish Rose,128,129,123
17747,Festival Pink,160,161,152
16043,Magenta,168,170,158
16157,Wild Magenta,174,175,169
16161,Fruity Magenta,243,241,231
19211,Fresh Magenta,239,239,230
17750,Sloe Jam,241,246,238
13873,Black Currant,221,223,216
16178,Mangosteen,252,252,247
16059,Dry Red,253,253,249
13801,Autumn Berry,149,152,146
16162,Soft Viloet,189,192,181
16151,Jazzy Viloet,171,173,164
16164,Cyclamen Violet,165,166,157
16211,Shrinking Violet,135,136,128
16167,Light Violet,180,180,170
17620,Tradtional Violet,251,251,241
13851,Hydrangea Viloet,137,139,128
14431,Sunset Mauve,133,134,125
16176,Dark Magenta,224,225,216
16175,Hot Magenta,164,166,154
17624,Hot Grape,254,254,250
16180,Berry Violet,242,240,218
13884,Dark Plum,252,192,160
16450,Midnight Plum,224,224,220
17830,CHERUB LILAC,171,174,168
17630,PALE VIOLET,226,230,221
19245,SOFT LILAC,249,252,245
19244,DEEP LILAC,250,251,245
16169,COSOMS VIOLET,211,212,202
15519,IRRCHID VIOLET,193,194,187
16198,WINTER VIOLET,255,255,252
19858,SWEET VIOLET,245,245,226
13761,SLEEP VIOLET,154,155,150
14482,FLAME VIOLET,193,193,188
14521,AMETHYST VIOLET,155,156,149
13772,FRESH PURPLE,142,142,137
13781,COSIC PURPLE,178,178,173
16210,KILIKO PRPLE,245,152,104
13802,FORMALPURPLE,192,193,189
16182,PALE LAVENDER,163,166,156
16183,SATIN MAUVE,235,237,229
18983,MISTY LAVENDER,246,244,211
16185,BLUE PEARL,246,243,212
16186,DEEP LAVENDER,244,241,205
16187,ALPINE VIOLET,246,243,207
15857,BRILLIANT VIOLET,244,241,215
13752,FROSTED PURPLE,251,254,245
13764,FLAT PURPLE,206,204,199
16220,PURPLE SHADOW,179,177,170
13774,MOONLIGHT PURPLE,163,162,151
16221,NEW SYRAH,129,131,121
15406,MISTY BLUE,252,248,189
13713,CHAMBRAY BLUE,218,222,213
13721,ICICLE BLUE,251,161,118
13732,ALPINE BLUE,253,253,249
13735,ORCHID BLUE,214,216,208
15583,VIVID LILAC,175,177,169
13743,LILAC MOON,170,171,164
16219,FRENCH PRUPLE,130,131,124
17749,STAR SAPPHIRE,254,253,253
14539,VENETIAN PURPLE,253,246,192
13778,VICTORY PURPLE,245,241,204
16475,GLORY VIOLET,244,241,198
13786,PRUNE PURPLE,247,244,198
16479,MIDNIGHT OCEAN,246,243,201
16507,SMOKY PURPLE,247,247,203
16452,DEW BLUE,251,249,188
16453,CRYSTAL BLUE,248,246,193
16454,STREAM BLUE,243,240,181
19305,WASHED DENIM,247,245,191
16456,SIROCCO BLUE,243,241,181
16457,SLEEPY BLUE,249,247,199
16460,ATLANTIC BLUE,251,248,194
16459,TUSSIAN BLUE,248,245,197
15580,MONARCH PURPLE,249,247,199
17685,ICY PURPLE,245,242,195
17764,VISTA MAUVE,248,247,201
16474,ENGIMA PURPLE,246,242,186
16473,PRESTIGE INDIGO,244,240,188
16476,MOODY INDIGO,246,244,191
16506,COLD INDIGO,246,244,201
16249,SILVER BLUE,250,248,190
17641,SHADOW BLUE,244,242,188
13621,OCEANIC BLUE,244,242,189
16251,MISTY BLUE,246,244,194
17884,ARCTIC BLUE,243,240,196
16253,STORM BLUE,242,239,187
18609,SHOP BLUE,246,243,200
15856,SOFT INDIGO,245,242,184
13661,COLD BLUE,245,242,198
19326,SMOKY BLUE,248,246,193
13611,RAINDROP BLUE,252,247,195
17704,SKYY BLUE,246,243,192
15576,LAKESIDE BLUE,246,246,201
13635,EDEN BLUE,242,240,191
19225,AIRFORCE BLUE,247,245,199
18875,FROSTY BLUE,246,244,201
19015,DENIM,248,245,215
13652,PICADOR BLUE,245,244,204
15840,ROYAL BLUE,245,242,189
16471,MEDIUM NAVY,245,241,186
16472,VENETIAN BLUE,249,246,192
18814,DUTCH  NAVY,251,248,197
19716,REGATTA NAVY,246,243,184
18969,CLOUD WHITE,249,246,190
16451,LIGHT BLUE,248,244,193
15392,MIT BLUE,247,246,192
16290,REEF BLUE,248,247,194
15823,STROKE BLUE,242,241,186
16291,GREEK BLUE,245,242,193
13611,VENUS BLUE,246,244,195
14444,FORGET ME NOT,245,242,191
14448,DEEP ROTL,246,242,189
16457,TRADITIONAL BLUE,249,246,195
16455,ROYAL,249,247,192
16456,AURORA ROYAL,246,243,188
13682,SEPIA NAVY,247,243,193
19092,ANTIQUE NAVY,248,246,188
14380,DUSKY BLACK,248,245,192
18633,SOFT BLUE,249,245,188
15547,PALE BLUE,250,246,192
13623,SKY BLUE,245,243,192
18288,CITY BLUE,249,247,197
16292,SECRET VLUE,246,246,205
13643,MAGIC BLUE,243,242,199
15535,MEDIUM BLUE,240,175,148
19231,BETEOR BLUE,179,177,175
16469,WILD BLUE,196,193,188
13664,MADARIN BLUE,176,175,170
19012,VOYAGER BLUE,253,251,246
19023,WHALE BLUE,254,252,247
16478,SMOKY NAVY,250,149,99
19228,AEGEAN NAVY,155,154,147
14729,WINTER NAVY,174,174,170
13614,CLEAR BLUE,89,91,87
16286,ZEPHYR BLUE,148,146,140
16281,OSAKA BLUE,252,251,250
17738,BUTTERFLY BLUE,172,172,165
16295,CORNFLOWER,157,157,150
15832,FOUNTAIN BLUE,137,137,130
16296,LOYAL BLUE,129,128,122
16297,EURO BLUE,187,187,181
16462,BLUE BIRD,253,252,248
16463,TROPICAL BLUE,251,251,245
16464,BRIGHT NAVY,158,157,151
13673,FRENCH NAVY,166,168,163
13685,INKY BLUE,134,135,130
16470,MIDNIGHT,191,191,183
16477,MID NAVY,164,165,156
16244,PALE GREY,250,251,244
16243,SNOW BLUE,203,204,198
16246,TURKISH SILVER,169,171,164
16280,FROSTY BLUE,252,251,247
16282,MILITARY GREY,196,198,191
16283,SHARK GREY,165,163,161
16293,LAKESIDE BLUE,136,135,129
16294,MORNING SKY,251,253,242
19257,OPAQUE BLUE,247,248,241
16300,BLUE,162,164,156
17650,KINGFISHER BLUE,155,155,153
17739,BRIGHT NAVY,126,128,121
19172,DUSTY NAVY,250,251,245
19179,ANTIQUE NAVY,252,254,247
19272,NILE NAVY,249,237,155
17834,NAVY,154,154,150
18941,ECLIPSE NAVY,204,206,196
16250,DUSTY BLUE,122,122,113
16248,TIN,136,137,126
16266,MOONSTONE,134,135,123
16267,SPECTER SILVER,243,152,84
16268,SLATE GREY,128,128,122
16269,BATTLESHIP,120,122,109
18912,STORP GREY,242,243,235
16270,DEEP GREY,170,171,165
14489,CREAVASSE GREY,211,213,203
14846,ELECTRIC GREY,249,250,246
14724,SUMMER NAVY,206,208,198
16504,WINNIE NAVY,163,164,160
16505,STEEL NAVY,180,179,176
16245,GLACIER VREY,134,136,130
16481,BABY BLUE,255,252,253
16482,TAHITI BLUE,165,168,159
16284,STORM BLUE,211,212,204
16483,ELECTRIC BLUE,125,127,121
16486,NYMPH BLUE,246,243,191
13551,AQUAMARINE,248,245,193
16489,PRAGONFLY BLUE,248,244,197
16500,BATIC BLUE,247,247,196
16501,VISTA BLUE,247,245,201
13571,REEF BLUE,254,254,254
13582,DARK tURGQUOISE,235,149,113
13591,NIGHT NAVY,163,162,160
16503,MISTY NAVY,196,196,193
18949,SOFT Tuquoise,169,169,166
16279,fine blue,253,252,249
16490,Sea blue,192,191,188
16491,FRESH BLUE,251,251,247
16492,Turquoise,251,252,250
16484,laggon Turquoise,205,205,203
16487,venus turqouise,160,160,158
16488,wild turquoise,169,168,166
15571,tropical turquoise,249,248,245
13561,coral turquoise,135,135,134
17608,sapphire,151,150,145
18740,deep aqua,134,133,128
17684,hot indigo,201,200,195
13594,dusty indigo,189,189,183
14599,atlantic blue,132,131,126
16242,mint white,252,251,246
16276,Pale Turquoise,135,134,129
18637,fountain aqua,180,180,176
15568,icile blue,131,130,125
19237,clear turquoise,175,180,178
14584,verdigris,249,252,253
17787,topaz,201,201,195
14538,CRYSTAL AQUA,198,199,194
15620,MYSTIC AQUA,145,144,135
16493,TAHITI Turqouise,179,180,174
13584,EGYPTIAN Turqouise,161,162,155
18948,Thai Turquoise,138,139,130
14723,Neptune Blue,172,173,166
16275,DRAGEE GREEN,122,123,115
16277,SOFT TURQUOISE,167,162,154
16278,FRENCH TURQOUISE,207,207,203
13532,MISTY Turquoise,172,173,166
18871,COPPER GREEN,134,134,131
16559,MORNING DEW,155,156,150
16520,BOTTICELLI,234,235,228
16518,PEPPERMINT,251,252,246
16522,MOUNTAIN LAKE,153,154,150
16521,SPECTRAL BLUE,199,200,195
19193,SILK AQUA,168,169,164
13575,TROPICAL AQUA,171,172,164
19192,CORAL ISLAND,129,129,125
13597,CYPRESS GREEN,156,155,145
19247,STRAINED TURQOUISE,208,211,199
16515,PALE CYAN,133,134,127
16511,SOFT CYAN,154,154,151
17772,MINT SHERBERY,159,161,152
16258,SAGE GREEN,251,165,111
16519,FRESH CYAN,230,235,222
16514,RIVER CYAN,161,162,151
13441,AEGEAN CYAN,186,187,179
16589,MOIST CYAN,203,203,198
16592,CLEAR CYAN,148,155,149
15585,CLEAN CYAN,127,133,123
17775,ALPINE CYAN,250,252,248
16569,REEF CYAN,166,167,161
13482,PEACOCK GREEN,249,251,247
13491,TEAL,177,180,175
19316,DARL TEAL,150,150,148
13412,FRESH CYAN,115,114,111
16542,MINTSHAKE,252,252,249
17713,MINT GREEN,123,122,119
13431,FROST GREEN,174,173,170
16587,CYAN,244,149,84
16588,NEPTUNE GREEN,185,184,181
14574,SPRING GREEN,252,252,250
16594,BRIGHT GREEN,166,165,162
16461,BAMBOO GREEN,152,152,150
19024,WILD GREEN,140,139,137
14446,GREENLEAVES,144,143,140
17841,DARK GREEN,161,160,157
13485,KELP,143,142,139
18608,ARMY GREEN,166,165,162
16265,SMOKY GREEN,188,187,184
16543,SPEARMINK,169,168,165
19241,COOL GREEN,124,123,118
16545,YOUNG GREEN,253,252,249
16586,LIVELY GREEN,247,247,244
15520,EMERALD,146,145,142
15683,BAY GREEN,252,251,248
13345,IRISH GREEN,160,161,154
14408,GREEN TEA,225,224,218
18857,JUNGLE GREEN,153,154,147
13471,GRASSHOPPER,204,203,199
14418,MANDARIN GREEN,159,158,153
16566,BOTTLE GREEN,249,155,94
13494,ELM GREEN,141,142,136
16570,SEAWEED,133,132,124
16571,YOUNG SPRUCE,239,234,225
16572,PALE GREEN,236,235,229
16571,YOUNG SPRUCE,160,161,158
16572,PALE GREEN,186,186,181
13423,LIME JUICE,182,183,176
15959,TROPICAL GREEN,152,153,148
15887,PEA GREEN,175,175,171
16580,SJUMMER GREEN,249,151,95
13447,ALPINE GREEN,183,185,176
16595,FOREST GREEN,159,160,151
16596,LIVING GREEN,252,252,244
16597,REFLECTIVE GREEN,249,249,244
16598,CACTUS GREEN,251,251,246
16599,MATURE GREEN,146,147,141
16600,SEPIA GREEN,172,171,165
13496,ACORN GREEN,184,185,176
14535,DARK GREEN,130,132,123
16529,CITRUS GREEN,138,140,131
16532,FRESH GREEN,241,162,100
16573,NEW GREEN,148,149,143
16574,PISTACHIO,189,189,184
16575,KIWI GREEN,169,169,164
15530,ORCHID GREEN,251,250,247
16576,OLIVE,253,252,247
17661,OLIVE GREEN,145,145,140
16582,PLANTATION GREEN,144,144,139
16583,NATURAL LOIVE,168,167,163
16584,VINE GREEN,252,253,248
13475,PINE GREEN,172,171,167
16565,SPINACH,248,248,243
13487,TRADITIONAL GREEN,162,159,155
13499,EXOTIC GREEN,254,249,247
17760,PAPYRUS,237,235,224
15879,PALE LITCHEN,125,121,118
16548,PALESAGE,228,228,216
16548,PALE SGAE,251,251,235
16547,INDIAN GREEN,251,251,244
15609,FIGHITING OLIVE,122,124,107
18958,BRAVE OLIVE,122,125,113
17796,CRAB APPLE,233,234,223
17843,PAK GREEN,252,248,248
16556,PEWTER,250,250,240
13373,MAJESTIC GREEN,251,251,241
13382,CLASSIC GREEN,126,125,115
16564,HUDSON GREEN,165,165,158
13393,PALM GREEN,131,130,124
13313,SAHARA GREEN,213,214,207
13316,LIGHT OLIVE,163,164,159
16546,TATAMI GREEN,250,250,245
19293,SOFTLIVE,152,153,142
19215,SAVANNAH BEIGE,192,193,185
16560,WILD OLIVE,122,126,118
13342,DEEP OLIVE,143,144,135
16561,MATURE OLIVE,127,128,124
15788,ANTIQUE OLIVE,252,155,94
19711,CLASSICAL OLIVE,173,175,169
19888,ITALIAN OLIVE,162,167,155
18849,DRAB OLIVE,134,136,131
13385,DUSTY OLIVE,233,234,225
18961,HEAVY OLIVE,233,233,226
19109,SMOKY OLIVE,217,218,211
16535,STRAW GOLD,250,250,244
16372,PALE LEMON,241,242,236
14509,LIME GREEN,228,228,221
16533,MOSS GREEN,154,155,145
16534,LICHEN,249,250,242
16550,LINCOLN GREEN,163,164,157
16549,FELT GREEN,187,187,177
16552,ISLAND GREEN,141,141,131
16562,YUCCA GREEN,251,251,242
14437,GOOSEBERRY,158,158,149
16553,MEDIUM GREEN,251,251,243
13377,DUSTY GREEN,218,219,207
16563,HOLLY GREEN,164,166,154
14732,ORGANIC GREEN,252,148,86
13396,OAK GREEN,128,127,120
13318,GOLDEN CREAM,147,146,138
16536,PALE KHAKI,194,194,183
13327,ARMY BEIGE,209,209,199
16537,ALPINE MOSS,148,149,137
16386,DARK STRAW,105,107,95
13347,MOUNTAIN MIST,250,251,242
16389,BURNISHED BRONZE,245,246,236
16390,SANDY KHAKI,167,168,158
16539,DEEP KHAKI,126,126,116
13366,VERDANT GREEN,250,251,241
16540,DARK KHAKI,235,235,225
19234,MILITARY OLIVE,237,233,220
19507,VINTAGE BRONZE,143,142,138
15762,ANTIQUE OAK,192,190,182
14808,MILITARY GREEN,148,147,137
16391,PALE SNAD,151,151,142
16398,HOT SAND,196,196,187
16401,WARM BEIGE,138,138,130
16402,BEIGE,220,219,211
16400,LIGHT CCAMEL,195,195,185
19209,CAMEL,132,132,122
19021,GODLEN BROWN,246,143,70
16418,SANDY GOLD,227,227,216
16420,DRY BROWN,251,251,241
16403,GOLDEN KHAKI,122,122,112
16414,HAVANA BEIGE,234,234,224
19885,STRAW BROWN,190,190,180
19232,PALE TAMARIND,100,100,90
14763,MOCHA,156,156,146
14799,TEAK,120,119,111
16392,TROPICAL SAND,253,253,245
19311,PALE GOLD,153,153,145
8858,POON GOLD,172,171,158
16404,SOFT GOLD,135,136,124
15554,CLASSIC GOLD,216,216,205
19043,INCA GOLD,199,199,187
13941,CHINA GOLD,251,251,239
17651,SPARKLING BRONZE,235,235,223
14055,BRONZE,154,154,142
16409,CHOCLATE,252,252,240
18658,HOT CHOCOLATE,160,160,150
13971,PALE CINNAMON,214,213,210
16434,CINNAMON,191,190,188
14398,BRAZIL NUT,175,173,170
13992,DARK MOLASSES,241,237,200
13911,PALE LATTE,249,241,196
13922,LATTE,161,162,153
16406,PANAMA BEIGE,220,220,218
18915,MANDARIN BEIGE,237,227,214
16327,COPPER TINT,196,196,194
13944,HOT BRICK,76,88,88
16422,COPPER,246,235,170
16423,ASH BROWN,140,141,132
16425,HOT BROWN,241,209,57
16431,SWEET BROWN,238,238,169
16428,COCOA,254,229,170
16433,TAMARIND,220,221,217
16432,ROSEWOOD,135,135,135
13995,MOCHA,159,159,155
16003,SPARKLING WHITE,252,90,24
19277,PALE MIST,251,254,254
16256,DOPHIN GREY,237,161,119
16257,SHIMMERING GREY,253,229,220
19278,STARLIGHT GREY,250,250,249
16259,INGOT GREY,252,91,11
13949,GOTHIC GREY,251,251,254
19206,GRAPHITE,241,176,142
13965,COLD STEEL,243,126,64
16254,MID GREY,255,255,255
15754,SUBMARINE GREY,250,90,20
14421,DARK GRAPHITE,251,250,245
5144,MISTY GREY,248,168,146
15715,COAL BLACK,253,86,16
17732,MISY WHITE,254,248,248
16003,SPARKLING WHITE,243,192,162
19277,PALE MIST,252,81,11
16256,DOPHIN GREY,254,87,7
16257,SHIMMERING GREY,251,253,250
19278,STARLIGHT GREY,249,195,157
16259,INGOT GREY,254,243,234
13949,GOTHIC GREY,254,88,10
19206,GRAPHITE,253,252,251
13965,COLD STEEL,252,202,167
16254,MID GREY,235,139,92
15754,SUBMARINE GREY,181,181,179
14421,DARK GRAPHITE,173,172,168
16255,MISTY GREY,250,250,247
15715,COAL BLACK,168,168,166
17732,SEPIA BLACK,158,158,155
16002,POLAR WHITE,251,163,113
17732,MISTY WHITE,142,143,138
18680,PALE GREY,131,130,124
16235,ICY GREY,143,144,139
16234,JAPANESE GREY,150,147,145
16236,DAPPLE GREY,136,134,132
17660,LEAD GREY,250,249,246
15957,GREY,145,145,140
17879,ASH GREY,167,167,164
19103,SLATE GREY,175,176,170
14169,VINTAGE GREY,250,250,246
14472,FORMAL GREY,172,172,168
13989,RICH GREY,184,184,182
16510,FULL BLACK,251,163,112
14435,TUXEDO BLACK,145,146,141
17829,SMOKY WHITE,253,252,248
16241,DUSTY WHITE,233,233,231
18817,ANTIQUE WHITE,154,153,150
13925,WINTER WHITE,252,252,248
16261,STORM GREY,140,140,138
13946,SILKY GREY,161,162,157
15333,CARBON GREY,174,174,169
19283,DARK GUNMETAL,154,155,149
16264,METEOR GREY,153,153,152
14669,ANTHRACITE,253,159,121
13975,DARK LEAD,233,233,227
13977,NIGHT SKY,135,134,128
13901,DUSTY BLACK,161,160,155
14695,HEAVY BLACK,148,147,143
13914,MOONLIGHT WHITE,140,139,135
19142,SHIMMERING GREY,171,172,168
16232,MIDLEVEL GLOW,254,253,249
19087,AFRICA SLIVER,137,137,131
16233,LIGHT SILVER,236,236,236
16238,BURNISHED SILVER,155,156,153
16239,PLATINUM,253,253,248
19104,SILVER,168,169,162
16240,SPARKLING SILVER,252,150,107
16260,BRIGHT STEEL,133,133,127
17781,SABRE GREY,171,169,164
15770,MIDNIGHT LAGOON,164,163,157
14774,DARK SILVER,250,250,246
14476,WHIRLPOOL GREY,218,216,211
13999,DEEP SILVER,238,238,234
16004,LUMINOUS WHITE,152,152,148
19736,PALE IVORY,248,247,243
16227,IVORY,140,140,136
19223,MIDNIGHT WHITE,149,150,147
16229,STRAW MUSHROOM,121,122,116
15549,MUSHROOM,121,122,115
15509,ICED BRONZE,175,176,170
16262,COOL PEWTER,156,157,150
19069,PALE  PEWTER,244,165,110
17819,PALE GRAPHITE,217,216,213
17763,SPA GREY,144,145,139
17788,WINTER ACACIA,173,174,168
13986,PALE VINE,151,150,146
18446,VINE LEAF,144,143,140
13997,ANCIENT BRONZE,252,252,247
16231,PALE SILVER,142,142,137
16226,DRY KHAKI,156,154,149
17721,MORNING BEIGE,252,252,247
19246,LUMINOUS BEIGE,225,226,222
15877,SMOKY KHAKI,247,160,111
17868,CREAMY BEIGE,252,253,247
16412,DUSTY KHAKI,186,187,182
16411,MUDDY KHAKI,169,168,162
16230,TAUPE,175,174,167
17672,DEEP BEIGE,141,140,131
17709,STRONG KHAKI,164,164,160
16413,ANTIQUE KHAKI,253,252,248
14225,FULL BEIGE,143,143,133
16444,DARK MUSHROOM,249,233,239
14797,MOUSE BROWN,248,237,242
16225,PALE BEIGE,251,235,242
16224,SHADOW BEIGE,246,230,237
16228,CHINA BEIGE,250,232,240
19217,SUMMER KHAKI,250,236,243
15670,WASHED KHAKI,250,234,241
16410,SUNSET BEIGE,250,235,242
18939,MEDIUM KHAKI,252,235,243
18944,STARLIGHT BEIGE,250,234,241
17790,DEER BROWN,247,229,237
16443,SHITAKI BROWN,254,237,245
16442,HOT KHAKI,247,233,238
13973,CLAY BROWN,247,234,240
17715,KANGAROO BROWN,248,234,240
16445,TEA LEAF,247,234,240
16448,FUDGE BROWNIE,247,232,239
16301,PALE MINK,249,233,240
15898,BURMA CREAM,248,236,240
18896,FROSTED BEIGE,250,235,242
19868,ANTIQUE BEIGE,248,231,241
17806,SOFT BEIGE,251,237,247
16396,SAND STORM,246,234,240
16399,SUMMER BROWN,246,236,241
17699,SANDY BROWN,249,232,242
17779,ANDAMAN BROWN,250,235,242
16441,WILDCAT BROWN,249,235,244
14758,INCA BROWN,247,233,239
14757,PALE COCOA,254,241,248
13984,DARK ROAST,247,233,240
14519,WINTER BROWN,253,238,245
14769,FULL BROWN,250,233,240
17708,ISLAND SAND,251,238,245
